"id","name","Inscrits","Votants","V_exprm","V_nuls","V_blancs","CAND_01","CAND_02","CAND_03","CAND_04","CAND_05","CAND_06","CAND_07","CAND_08","CAND_09","CAND_10","CAND_11","CAND_12","CAND_13","CAND_14","CAND_15","CAND_16","CAND_17","CAND_18","CAND_19","CAND_20","CAND_21","CAND_22","CAND_23","CAND_24","CAND_25","CAND_26","CAND_27","Total_T1"
"TN347","Agareb",18555,13074,12807,169,98,21,15,30,62,22,52,4841,424,30,21,61,11,80,22,14,76,39,27,22,13,115,8,15,5221,11,991,563,12807
"TN225","Ain Drahem",17143,9749,9136,485,128,49,35,44,91,33,52,4381,728,31,54,122,31,148,41,33,61,36,33,38,24,188,21,27,1912,39,332,552,9136
"TN316","Akouda",15278,10820,10684,96,40,21,2,77,685,8,24,6026,169,6,31,67,8,88,19,12,34,12,5,3,11,52,4,30,2296,16,404,574,10684
"TN213","Amdoun",9222,5033,4777,187,69,26,15,16,45,34,23,2602,269,10,16,60,14,56,20,11,41,28,19,13,11,74,6,16,789,16,207,340,4777
"TN121","Ariana Ville",74585,59589,59112,237,240,19,11,445,733,13,78,36603,2135,17,49,219,16,966,102,11,291,17,6,11,39,322,10,433,10286,40,512,5728,59112
"TN113","Bab Bhar",27130,19314,19098,139,77,11,7,151,143,6,31,9944,1304,10,23,122,11,153,21,8,54,5,4,9,24,64,5,193,4322,24,249,2200,19098
"TN114","Bab Souika",17370,12287,12062,144,81,13,6,95,106,5,20,5525,684,8,12,68,5,101,23,4,35,7,3,3,10,67,8,137,3964,38,185,930,12062
"TN229","Balta Bou Aouane",12129,6555,6252,240,63,35,16,28,35,18,24,3217,562,26,35,72,21,91,16,24,50,24,49,16,14,93,10,20,1167,18,221,350,6252
"TN24A","Bargou",6276,3628,3500,88,40,11,1,8,20,6,9,1411,212,14,11,26,3,39,14,5,16,12,9,9,7,37,4,14,433,10,93,1066,3500
"TN211","Béja Nord",29436,19458,18655,608,195,49,12,91,94,20,102,9907,1557,23,46,153,25,193,35,26,80,29,32,22,17,149,12,44,4119,28,364,1426,18655
"TN212","Béja Sud",18066,11826,11362,338,126,39,14,55,80,21,21,6143,769,11,17,81,19,128,15,11,37,14,21,11,12,81,7,40,2457,25,208,1025,11362
"TN329","Bekalta",7873,5010,4941,49,20,12,2,25,196,6,12,2929,75,7,35,13,7,52,7,8,23,5,2,6,5,41,3,17,1154,4,106,189,4941
"TN61A","Belkhir",7131,3041,2953,68,20,13,5,11,11,4,14,613,42,7,7,86,9,9,8,3,9,20,12,10,4,16,3,5,1707,8,233,84,2953
"TN131","Ben Arous",18540,13469,13281,115,73,21,5,96,143,5,20,5337,1173,2,16,82,7,131,27,6,55,1,3,9,11,57,3,99,4402,27,264,1279,13281
"TN327","Benbla",14117,9418,9246,120,52,7,5,43,1085,12,25,4126,103,6,29,41,8,41,13,10,17,7,8,5,7,59,3,15,3129,8,214,220,9246
"TN524","Ben Guerdane",27932,16237,15974,211,52,14,11,34,75,35,45,2209,1242,26,17,174,12,94,34,55,39,72,19,14,18,56,23,43,10815,27,458,313,15974
"TN325","Beni Hassen",7207,4394,4317,43,34,4,3,26,183,5,5,2946,45,2,18,27,3,43,4,5,9,4,6,6,4,28,3,15,707,8,75,133,4317
"TN523","Beni Khadech",12587,7557,7371,144,42,20,4,8,44,20,26,784,188,16,21,36,15,43,23,29,21,46,16,20,7,50,19,15,5259,6,545,90,7371
"TN15D","Beni Khaled",17527,11787,11476,214,97,36,10,57,109,14,36,6228,1084,17,31,76,9,127,13,10,41,19,15,9,26,98,8,32,2143,26,389,813,11476
"TN153","Beni Khiar",21392,16298,15994,186,118,43,13,113,169,24,52,7618,1455,14,62,166,19,304,44,14,96,22,17,17,41,133,13,85,3807,29,533,1091,15994
"TN34D","Bir Ali Ben khlifa",18654,10575,10293,206,76,19,9,22,47,53,70,2841,234,28,18,95,15,108,20,19,94,36,15,16,9,87,11,16,4200,24,1441,746,10293
"TN435","Bir Elhfay",16126,8122,7943,127,52,22,4,5,20,15,134,1997,95,32,8,41,18,29,13,8,20,23,6,17,11,31,4,23,579,19,4517,253,7943
"TN534","Bir  Lahmar",3499,2094,2054,18,22,4,5,4,7,3,3,234,58,5,3,7,0,15,3,2,9,9,2,0,0,11,2,4,1564,4,83,13,2054
"TN163","Bir Mchergua",9909,6092,5934,106,52,24,7,22,20,13,20,1876,619,14,13,46,6,55,11,9,17,22,10,7,11,50,9,37,2220,10,378,408,5934
"TN171","Bizerte Nord",45226,32274,31847,264,163,55,20,321,258,11,39,12509,1066,34,45,259,18,397,38,14,129,29,14,23,42,216,9,113,12710,61,603,2814,31847
"TN173","Bizerte Sud",18882,10301,9922,250,129,49,22,67,108,24,44,4131,461,20,22,111,11,139,36,21,50,31,21,12,23,122,4,93,3205,19,516,560,9922
"TN145","Borj Amri",8722,5328,5145,118,65,10,8,26,56,8,16,2545,552,6,10,45,3,49,12,13,22,9,14,8,13,43,7,18,1157,13,219,263,5145
"TN243","Bou Arada",8586,5132,4945,117,70,18,9,11,21,10,22,1002,227,16,12,33,9,40,30,8,18,11,21,7,9,30,1,10,751,11,120,2488,4945
"TN15F","Bouargoub",14923,10184,9853,231,100,29,13,39,81,15,26,5072,1071,19,41,77,10,110,10,6,46,18,16,11,14,90,10,24,1964,21,344,676,9853
"TN31B","Bouficha",11859,7608,7299,170,139,32,9,26,142,19,33,3776,717,20,22,77,13,92,11,23,27,17,16,13,16,67,5,16,1553,12,262,283,7299
"TN41B","Bouhajla",21652,11059,10677,305,77,40,11,26,60,45,90,2789,214,38,23,89,16,100,33,36,37,43,25,21,47,89,14,19,3091,21,2955,705,10677
"TN332","Bou Merdès",12875,8156,7965,121,70,29,11,48,161,17,25,4354,136,6,21,67,10,178,16,9,28,22,16,8,8,83,10,19,2178,15,201,289,7965
"TN136","Bou Mhel El Bassatine",17345,12869,12700,107,62,9,7,91,126,4,25,5734,912,7,20,81,8,172,87,11,70,13,8,6,17,75,4,94,3609,13,283,1214,12700
"TN246","Bourouis",6029,3365,3206,115,44,8,4,9,9,3,7,914,200,11,11,23,2,16,18,6,15,2,23,6,6,26,6,5,562,5,51,1258,3206
"TN223","Bou Salem",17725,11269,10924,257,88,41,23,66,46,23,31,5575,868,25,30,90,12,153,17,7,32,22,42,23,12,122,16,24,2392,20,273,939,10924
"TN111","Carthage",20745,15774,15539,153,82,14,5,106,143,8,25,9555,734,17,12,62,5,153,26,10,48,10,6,10,16,65,7,180,2718,27,187,1390,15539
"TN434","Cebalit Ouled Asker",12033,4496,4353,111,32,20,7,12,23,36,81,911,98,35,10,28,6,23,21,13,17,36,14,12,14,20,9,57,738,11,1868,233,4353
"TN338","Chebba",13151,9388,9201,129,58,12,5,60,61,8,22,4404,191,14,20,54,6,93,16,8,28,12,17,6,4,81,8,48,1888,16,124,1995,9201
"TN334","Chorbène",10204,6214,5958,182,74,16,5,28,87,19,48,2660,82,25,31,66,9,81,22,23,34,26,20,15,6,57,10,31,1355,21,847,334,5958
"TN119","Cité Elkhadra",19639,14863,14713,107,43,17,6,101,177,6,18,7929,703,19,15,53,7,166,18,14,59,4,1,8,30,64,2,132,3670,14,179,1301,14713
"TN126","Cité Ettathamen",33481,19277,18671,456,150,69,18,64,122,47,41,5937,2385,22,33,132,26,195,43,30,90,36,20,19,17,108,21,116,7389,24,623,1044,18671
"TN23A","Dahmani",11140,6761,6412,204,145,20,16,13,34,9,13,3095,293,19,14,45,16,59,15,16,13,18,13,6,13,62,2,41,1260,10,217,1080,6412
"TN152","Dar Chaabane",22502,17077,16824,165,88,35,5,103,174,20,53,7629,1558,14,47,139,17,272,47,18,123,29,12,16,32,125,3,80,4407,23,634,1209,16824
"TN622","Degach",15595,9274,9027,171,76,37,15,37,46,23,28,1951,644,22,23,74,21,111,22,28,20,30,16,14,21,65,14,34,5255,16,258,202,9027
"TN536","Dhehiba",1876,1131,1093,22,16,3,0,2,8,2,7,146,227,3,4,15,1,22,1,6,1,3,5,0,6,4,3,2,585,3,26,8,1093
"TN11I","Djbel Djloud",11940,7893,7609,208,76,26,5,32,36,10,20,2967,852,15,12,41,7,111,19,11,31,10,10,12,10,44,3,152,2408,11,208,546,7609
"TN348","Djbeniana",19607,11548,11329,163,56,30,6,42,58,35,27,2905,447,24,21,106,12,100,26,13,89,28,19,10,6,88,8,17,4670,19,582,1941,11329
"TN427","Djedeliane",5609,2918,2796,96,26,13,5,5,17,10,13,1065,54,14,3,25,4,18,4,6,10,8,4,8,3,37,3,468,580,7,259,153,2796
"TN528","Djerba Ajim",8615,5316,5222,61,33,10,6,28,18,6,23,554,282,4,7,45,7,36,13,14,28,13,4,15,8,79,11,13,3748,7,93,150,5222
"TN526","Djerba Houmet Souk",30139,20787,20578,146,63,22,11,168,111,4,34,3798,1486,17,24,173,10,227,36,17,89,36,16,14,25,140,15,82,12287,20,520,1196,20578
"TN527","Djerba Midoun",22623,14288,14151,88,49,27,10,102,77,12,37,1982,1137,13,17,134,9,115,9,13,50,30,10,6,16,103,7,36,9045,20,587,547,14151
"TN238","Djerissa",5570,3290,3119,129,42,20,8,22,16,13,9,1606,170,9,5,36,10,33,15,8,14,4,8,5,7,39,2,33,580,6,81,360,3119
"TN175","Djoumine",9803,5093,4769,246,78,35,25,35,63,21,39,2238,350,19,26,44,12,122,19,27,29,22,13,17,14,78,17,20,776,12,505,191,4769
"TN142","Douar Hicher",29384,17519,16930,439,150,47,23,64,114,30,48,5858,2490,17,44,107,21,169,39,21,66,36,22,13,26,100,13,104,5748,40,600,1070,16930
"TN634","Douz Nord",14963,11857,11714,67,76,6,2,22,11,6,6,573,104,10,2,55,3,10,4,10,7,21,6,2,0,18,14,15,10658,9,32,108,11714
"TN635","Douz Sud",9735,6625,6482,96,47,6,5,17,15,4,5,940,85,11,6,33,3,34,8,11,8,25,11,5,4,25,6,8,5058,11,42,96,6482
"TN413","Echbika",12275,7242,6985,199,58,36,10,26,38,27,39,1919,337,22,18,42,15,44,22,47,25,22,16,19,15,91,11,22,2623,12,1101,386,6985
"TN41A","Echrarda",9976,4922,4741,150,31,21,9,9,24,11,42,1109,148,16,6,53,10,66,16,14,13,22,11,15,31,35,8,9,1757,18,893,375,4741
"TN417","El Alâa",11088,5635,5278,272,85,22,10,15,37,487,39,1765,194,25,9,29,9,44,20,20,20,18,14,17,591,67,11,23,1062,18,530,182,5278
"TN17D","El Alia",11106,7197,6982,160,55,23,7,48,37,12,18,1827,741,9,17,36,5,80,12,11,24,15,18,14,9,64,11,19,3446,15,169,295,6982
"TN349","EL Amra",11997,6736,6596,89,51,15,4,18,51,12,20,1462,264,11,12,40,8,68,16,14,45,17,5,10,9,56,6,21,3556,6,357,493,6596
"TN24B","El Aroussa",2583,1646,1602,33,11,3,1,0,1,1,2,236,47,4,2,5,1,8,5,2,1,2,4,3,0,4,0,0,186,0,21,1063,1602
"TN428","El Ayoun",6032,2713,2592,87,34,10,6,10,17,17,28,415,78,10,7,30,2,24,12,7,6,10,77,9,2,15,8,382,564,6,518,322,2592
"TN148","El Battane",7969,5047,4818,174,55,19,5,18,44,8,9,2305,492,7,13,52,7,49,9,11,22,10,14,7,9,55,3,15,1193,6,149,287,4818
"TN337","El Djem",15073,8919,8739,129,51,25,12,41,278,10,31,4754,158,15,23,92,13,139,22,13,36,8,21,10,7,73,5,23,2244,19,352,315,8739
"TN164","Elfahs",20457,11989,11650,238,101,43,9,47,183,33,34,5439,1010,38,34,101,23,107,23,24,44,23,12,15,22,124,5,47,2720,24,629,837,11650
"TN619","El Gtar",9710,5664,5534,87,43,13,14,15,20,9,17,1230,138,17,8,1585,7,17,8,11,15,9,10,4,3,16,4,10,1762,6,153,433,5534
"TN517","EL Hamma",34995,23196,22657,374,165,36,14,51,60,37,58,1874,1172,20,23,155,23,81,32,50,29,77,37,30,19,96,22,35,18053,25,234,314,22657
"TN34A","El Hencha",19813,11296,11024,197,75,27,14,41,78,40,57,3830,524,21,21,115,16,234,16,22,89,30,17,21,7,114,13,21,3579,24,1024,1029,11024
"TN159","El Houaria",19134,11464,11081,270,113,46,11,47,84,16,31,5758,1041,26,46,99,22,128,31,22,51,17,37,15,30,132,11,40,1565,13,422,1340,11081
"TN11D","Elhrairia",42474,29335,28674,391,270,47,23,128,177,42,52,9703,3372,28,47,182,24,255,46,32,127,44,31,22,76,125,13,260,10953,62,691,2112,28674
"TN11G","El Kabaria",34993,25086,24549,351,186,37,26,162,176,27,38,8487,2587,23,34,169,38,255,27,30,92,31,30,14,29,127,13,378,9006,45,641,2027,24549
"TN245","El Krib",7095,4299,4157,109,33,9,5,14,22,4,15,1977,238,17,11,24,12,28,17,3,14,11,17,9,6,38,2,3,711,7,84,859,4157
"TN613","El ksar",17038,10505,10318,129,58,16,7,33,32,15,25,2825,595,14,6,327,30,59,15,10,19,19,16,9,21,55,3,23,4483,13,515,1133,10318
"TN239","Elksour",7362,3636,3468,103,65,7,12,10,39,19,14,1447,255,6,9,32,14,44,7,9,16,16,12,10,9,31,7,59,912,7,132,333,3468
"TN118","El Menzah",29284,24152,24011,72,69,5,3,220,332,1,37,16884,441,4,22,86,6,309,53,5,101,3,3,2,21,95,0,203,2673,17,101,2384,24011
"TN515","ElMetouia",14002,10514,10374,104,36,15,6,27,38,12,34,2299,1228,9,11,79,12,158,15,13,27,18,10,10,10,61,6,25,5235,17,407,592,10374
"TN156","EL Mida",11173,6411,6147,205,59,17,7,29,56,16,23,3079,351,23,36,63,15,62,15,8,24,18,23,12,25,108,9,14,1154,11,260,689,6147
"TN127","EL Mnihla",28112,17143,16691,314,138,41,19,72,114,33,48,5601,1891,27,30,119,8,176,30,27,72,22,25,14,17,100,12,149,6189,27,655,1173,16691
"TN133","El Mourouj",48123,36140,35830,183,127,19,23,297,318,19,42,12733,3065,26,42,274,19,381,35,12,190,11,24,12,27,148,14,401,12897,51,702,4048,35830
"TN115","Elomrane",17980,12607,12308,184,115,15,6,67,113,8,24,5857,821,13,24,66,12,118,22,11,45,17,11,12,18,81,7,104,3566,18,247,1005,12308
"TN116","Elomrane Supérieur",28837,20113,19743,277,93,26,8,122,186,11,41,7565,1590,15,32,184,20,205,22,20,73,28,19,15,26,101,12,157,7030,28,420,1787,19743
"TN415","El  Oueslatia",15112,6996,6652,261,83,24,4,18,53,17,49,2772,285,31,20,52,10,68,20,17,27,29,17,12,28,53,8,10,1390,9,911,718,6652
"TN11F","El Ourdia",16875,12311,12064,174,73,10,5,78,100,6,11,4569,1098,9,11,65,16,124,27,17,49,8,8,7,14,64,4,101,4543,15,185,920,12064
"TN31A","Enfidha",19470,12771,12312,356,103,44,11,41,659,17,32,6382,983,25,30,86,12,86,22,40,30,23,19,19,19,126,7,41,2766,17,256,519,12312
"TN165","En Nadhour",14109,7386,7047,241,98,46,17,30,106,31,46,2637,378,26,23,68,29,85,22,32,34,29,23,22,22,86,11,25,2324,29,566,300,7047
"TN248","Er Rouhia",2754,1383,1353,19,11,4,6,10,13,5,5,576,53,4,2,11,2,14,2,1,9,4,8,4,2,13,2,66,232,8,57,240,1353
"TN336","Esouassi",18410,11389,11124,191,74,49,11,37,148,17,42,4810,230,25,31,115,15,165,18,10,30,28,17,10,10,108,8,66,3401,16,1047,660,11124
"TN23B","Es Seres",6187,3359,3158,154,47,12,9,17,22,17,22,1789,167,6,10,43,12,38,14,12,14,9,9,9,5,39,7,20,497,7,129,223,3158
"TN117","Ettahrir",12285,9196,9068,78,50,10,2,51,56,14,14,3642,688,5,19,61,7,86,12,7,36,3,11,4,18,39,2,66,3249,18,140,808,9068
"TN137","Ezzahra",19718,15422,15251,101,70,18,1,125,208,5,17,7916,968,2,21,72,7,185,34,8,55,10,9,7,20,73,6,131,3532,15,189,1617,15251
"TN162","Ez Zeriba",11109,6936,6722,141,73,26,8,12,77,19,20,3000,583,16,24,58,6,63,8,9,32,9,20,10,7,90,8,24,1851,10,404,328,6722
"TN11C","Ezzouhour",20167,14391,14027,244,120,27,11,83,91,29,21,5508,1313,11,19,88,13,174,22,13,66,17,5,7,54,71,7,110,4883,20,324,1040,14027
"TN423","Ezzouhour",12064,7230,7017,170,43,19,9,16,26,18,36,1675,400,99,10,45,8,43,18,11,18,20,24,11,24,39,2,529,2900,14,639,364,7017
"TN636","Faouar",9968,6705,6513,97,95,7,5,3,28,8,24,839,106,22,9,30,9,37,6,18,9,22,18,15,4,47,14,14,4987,7,152,73,6513
"TN42C","Feriana",17737,9985,9662,246,77,29,8,24,30,29,40,2485,483,35,15,51,13,79,21,16,17,30,14,13,9,46,11,434,4463,27,732,508,9662
"TN226","Fernana",17742,8659,7964,585,110,55,36,40,59,42,44,3768,575,43,43,78,19,112,39,42,66,28,22,29,24,149,12,13,1837,23,362,404,7964
"TN13B","Fouchana",29482,19485,19092,266,127,43,17,94,120,27,36,5888,2448,25,38,138,14,207,40,21,79,28,32,14,37,105,8,249,7162,22,752,1448,19092
"TN42B","Foussana",18382,9562,9228,271,63,39,21,19,40,34,70,1441,296,306,22,77,14,83,22,32,24,40,25,40,31,89,9,313,4523,16,1244,358,9228
"TN244","Gaâfour",8399,5238,5030,146,62,18,10,12,18,11,11,1348,257,21,9,39,6,33,22,7,19,10,13,6,11,29,3,9,827,8,130,2143,5030
"TN511","Gabes Medina",24623,17867,17653,130,84,19,8,47,37,12,154,3498,947,12,12,75,8,147,7,14,48,14,9,8,9,50,10,37,11378,13,364,716,17653
"TN512","Gabes Ouest",14633,10264,10041,168,55,9,6,28,29,7,44,1360,578,7,8,67,2,74,10,15,28,21,6,13,12,33,6,15,7159,5,267,232,10041
"TN513","Gabes Sud",33452,24538,24220,220,98,19,9,93,58,7,154,3652,1174,18,20,160,12,233,16,26,79,46,14,11,17,79,12,47,16444,18,587,1215,24220
"TN611","Gafsa Nord",4533,2659,2609,33,17,7,2,3,18,6,8,1059,74,4,2,70,2,17,5,8,10,9,6,5,4,15,3,11,853,5,295,108,2609
"TN614","Gafsa Sud",46198,29278,28801,335,142,50,13,94,110,17,85,8559,2036,52,39,878,18,175,34,29,64,60,31,17,22,106,14,107,11265,50,2211,2665,28801
"TN514","Ghannouch",11865,7438,7277,125,36,8,4,7,19,9,19,799,158,7,6,29,8,40,12,5,12,13,8,14,5,38,6,27,5810,8,155,51,7277
"TN227","Ghardimaou",20799,11150,10707,372,71,69,22,48,83,34,57,5317,673,39,44,93,24,146,36,16,56,21,50,30,15,152,12,22,1948,23,543,1134,10707
"TN17B","Ghar El Meleh",8749,5776,5633,98,45,26,3,17,30,9,16,2282,389,3,16,55,7,47,9,5,20,13,4,6,6,50,4,11,2292,8,129,176,5633
"TN177","Ghezella",9104,4646,4311,268,67,39,16,25,57,21,25,2388,299,18,25,40,16,72,26,16,35,14,21,21,10,90,4,6,654,18,182,173,4311
"TN535","Ghomrassen",7017,4043,3963,46,34,7,9,28,11,5,9,309,164,8,5,26,7,36,8,11,22,13,6,4,5,21,4,5,3028,6,117,89,3963
"TN34C","Ghraiba",7037,3682,3581,68,33,5,7,18,20,11,23,1077,145,7,5,37,7,41,10,6,36,17,10,6,2,43,6,4,1501,5,445,87,3581
"TN218","Goubellat",4474,1961,1834,100,27,13,4,14,12,11,11,748,183,9,7,38,8,24,6,9,11,5,8,4,5,22,2,6,346,7,119,202,1834
"TN15E","Grombelia",31493,21993,21521,341,131,41,14,113,150,38,45,9915,1868,31,42,149,25,242,38,29,73,20,22,22,49,150,14,88,5674,30,730,1909,21521
"TN416","Haffouz",17633,9097,8740,274,83,37,7,25,45,96,52,3284,543,36,27,70,20,58,13,47,35,29,19,11,90,89,14,22,2589,26,944,512,8740
"TN418","Hajeb El Ayoun",15684,8678,8195,315,168,29,21,21,58,48,90,2854,545,29,25,83,17,91,31,425,39,43,20,20,30,93,16,37,1339,21,1511,659,8195
"TN135","Hammam Chôtt",17699,13203,13024,103,76,24,7,82,117,5,21,5201,1047,6,20,79,7,162,30,10,63,9,4,9,14,52,8,119,4069,15,334,1510,13024
"TN158","Hammam El Guezaz",6809,4346,4255,51,40,13,3,39,26,9,10,1928,378,4,13,36,7,51,9,7,27,14,3,5,6,39,2,19,964,6,141,496,4255
"TN15G","Hammamet",45848,31858,31356,331,171,59,19,177,262,26,67,17268,2301,23,63,212,27,346,45,37,126,27,41,32,70,206,10,139,6229,51,1272,2221,31356
"TN134","Hammam Lif",22085,17206,16961,160,85,13,7,104,134,6,22,8218,1228,6,32,87,4,181,32,8,72,8,8,7,13,87,9,87,4810,33,262,1483,16961
"TN315","Hammam Sousse",21688,16267,16128,95,44,3,6,100,2728,10,20,8981,184,4,25,72,4,102,12,8,30,5,5,7,11,51,5,83,2037,9,289,1337,16128
"TN424","Hassi ferid",6484,3460,3353,92,15,18,5,2,12,10,30,1061,66,14,3,17,6,14,3,6,5,15,6,9,5,20,6,160,1187,10,641,22,3353
"TN625","Hazoua",2847,1818,1756,46,16,2,5,6,13,8,6,388,94,12,5,16,8,11,3,6,9,30,7,4,1,21,1,6,988,3,71,32,1756
"TN335","Hebira",4748,2699,2551,109,39,13,4,17,32,9,9,1067,47,7,13,31,7,32,15,4,10,8,10,3,4,46,9,17,809,9,231,88,2551
"TN319","Hergla",4160,2777,2690,54,33,8,5,16,130,3,10,1641,50,1,4,14,2,17,6,10,10,3,2,1,0,21,3,5,587,2,29,110,2690
"TN42A","Hidra",4243,2364,2254,95,15,12,5,9,3,3,10,825,41,28,4,15,1,20,6,3,7,4,8,4,3,16,2,39,639,6,151,390,2254
"TN326","Jammel",27848,17856,17605,181,70,30,8,70,862,7,40,10194,321,11,66,115,5,145,19,14,62,12,14,16,15,112,10,35,4218,21,628,555,17605
"TN146","Jedeida",19363,12271,11804,317,150,25,17,42,105,16,44,4380,1773,13,36,93,17,109,19,22,59,15,16,14,26,95,9,50,3840,17,383,569,11804
"TN221","Jendouba",31847,20597,20048,417,132,52,17,102,92,34,37,9863,1641,26,46,176,23,180,25,15,82,20,30,23,22,174,15,93,4919,21,464,1856,20048
"TN222","Jendouba Nord",17517,9604,9152,347,105,35,19,53,76,29,35,4789,817,26,36,99,17,94,26,21,49,24,19,29,18,118,14,28,1780,15,254,632,9152
"TN433","Jilma",15671,7521,7285,185,51,27,12,12,23,50,153,1400,140,42,12,41,9,41,14,13,26,35,12,30,15,37,7,108,1087,26,3335,578,7285
"TN411","Kairaouan Nord",39230,24930,24549,268,113,40,13,96,185,61,108,6534,1108,29,38,157,12,196,26,57,87,32,19,16,133,113,11,81,11471,38,2585,1303,24549
"TN412","Kairouan Sud",33524,20808,20463,245,100,38,11,96,159,55,103,5803,631,30,32,142,15,166,17,53,55,41,21,15,70,104,14,65,8793,26,2648,1260,20463
"TN317","Kalaâ Kebira",20950,13208,13014,130,64,17,9,61,1358,8,16,7336,105,8,48,55,13,102,11,11,42,12,6,11,13,77,8,58,3063,16,168,382,13014
"TN31F","Kalaâ Seghira",15673,10899,10703,152,44,17,9,88,753,6,22,5442,193,10,44,70,6,110,8,12,39,10,9,7,7,49,5,54,2714,3,438,578,10703
"TN124","kalaât El Andalous",9081,6120,5978,97,45,25,4,24,26,9,12,2467,798,9,13,43,7,87,12,4,32,7,4,5,7,46,6,33,1789,5,186,318,5978
"TN237","Kalaât Khesba",3535,2018,1926,60,32,12,8,9,11,8,9,894,69,7,1,13,6,16,7,8,9,8,2,6,4,21,3,21,323,2,102,347,1926
"TN236","Kalaât Snan",6731,3951,3765,131,55,13,5,18,20,12,13,2014,143,14,16,28,25,64,17,8,24,18,12,13,4,49,4,6,738,8,163,316,3765
"TN421","Kasserine Nord",35578,22217,21600,474,143,37,23,50,60,35,87,5887,1055,914,39,140,24,125,32,24,27,40,46,32,35,88,9,1684,8472,22,1197,1416,21600
"TN422","Kasserine Sud",9227,5074,4867,164,43,14,7,15,15,23,22,1430,237,73,7,37,9,27,8,11,16,17,18,17,7,23,5,247,1737,11,651,183,4867
"TN632","Kebeli Nord",14336,9826,9586,154,86,14,11,32,19,15,14,1486,445,19,8,72,10,44,10,9,21,25,16,3,10,34,12,6,6472,9,149,621,9586
"TN631","Kebeli Sud",17631,12772,12554,126,92,11,6,26,24,8,16,1417,429,16,12,39,11,38,14,17,22,32,15,15,11,31,8,20,10005,14,124,173,12554
"TN232","Kef Est",23171,15525,15023,371,131,30,10,70,68,17,22,8685,618,15,32,115,26,163,27,12,50,20,24,11,20,125,10,52,2361,17,284,2139,15023
"TN231","Kef Ouest",15812,10831,10509,224,98,28,13,45,41,8,17,5916,481,13,25,79,24,89,12,4,28,13,22,13,15,79,4,40,1830,13,306,1351,10509
"TN157","Kelibia",26590,18266,17944,198,124,42,11,116,125,12,28,9275,1492,12,46,139,17,246,25,11,64,25,18,11,26,137,6,73,3375,20,416,2176,17944
"TN34G","Kerkenah",8530,5321,5223,82,16,8,1,333,14,7,6,1657,180,6,6,42,3,35,9,4,24,4,7,4,10,19,8,9,1689,6,133,999,5223
"TN249","Kesra",5880,2512,2383,101,28,5,2,5,20,9,14,999,287,9,5,19,4,20,15,5,10,9,8,4,6,22,7,4,357,6,127,405,2383
"TN31C","Kondar",4899,2798,2699,80,19,10,1,18,111,11,9,1224,114,13,11,19,2,25,5,18,6,10,6,5,5,26,4,14,831,5,120,76,2699
"TN154","Korba",28094,20218,19781,292,145,53,23,117,188,28,52,9141,2340,28,64,172,22,279,47,28,114,27,29,26,37,155,16,85,4905,24,571,1210,19781
"TN32B","Ksar Hlel",25837,18290,18062,161,67,18,11,120,460,24,30,11995,351,18,52,84,12,168,31,17,43,12,17,6,19,95,3,61,2617,19,683,1096,18062
"TN32C","Ksibet El Mediouni",17531,12792,12630,107,55,12,1,66,835,11,19,8210,191,12,50,53,15,95,19,4,28,3,8,4,12,75,3,28,2017,15,237,607,12630
"TN33B","Ksour Essef",21796,13367,13059,213,95,20,9,103,356,14,26,7237,259,17,57,117,13,251,30,10,59,23,26,19,12,111,8,77,3149,29,286,741,13059
"TN11J","La Goulette",22114,17024,16817,137,70,15,4,145,228,7,23,9527,856,8,22,80,5,215,28,5,76,9,9,8,16,85,3,163,3393,20,218,1649,16817
"TN11L","La Marsa",50177,37478,36947,362,169,36,20,224,297,14,47,22902,1546,22,49,203,17,461,64,11,115,21,24,22,49,265,10,402,6023,62,552,3489,36947
"TN112","La  Medina",15559,10819,10612,126,81,10,7,86,78,10,11,4714,1251,7,9,66,14,119,20,4,30,10,4,3,11,47,3,80,3000,14,136,868,10612
"TN519","La Nouvelle matmata",6729,4098,3921,97,80,15,4,11,23,8,18,502,162,10,6,50,12,37,7,17,18,21,10,13,4,40,11,8,2724,6,152,32,3921
"TN132","La Nouvelle Medina",27004,19540,19268,188,84,25,20,138,175,54,39,7142,1942,16,32,156,4,232,33,16,73,24,4,14,21,91,9,165,6574,25,447,1797,19268
"TN11A","Le Bardo",44013,33310,32879,288,143,17,13,255,342,16,45,15631,1757,14,36,214,15,434,58,14,136,19,18,16,50,176,9,274,9451,30,447,3392,32879
"TN11K","lE Kram",28352,20803,20423,285,95,19,11,144,157,7,28,10803,1235,16,27,83,13,213,28,18,90,18,10,10,16,95,4,152,5217,41,324,1644,20423
"TN331","Mahdia",36641,24808,24422,219,167,57,22,219,550,22,54,13733,624,22,73,187,16,465,43,19,124,29,24,17,58,177,22,134,4662,40,612,2417,24422
"TN34F","Mahres",14892,9194,9053,100,41,17,9,72,54,15,56,3882,504,8,13,77,6,131,19,11,78,26,9,13,12,85,3,18,2368,14,664,889,9053
"TN42D","Majel Bel Abbès",9508,4948,4793,101,54,17,4,9,27,16,29,1695,109,31,9,44,3,33,10,9,17,20,14,17,3,39,6,123,1737,15,480,277,4793
"TN247","Makthar",11022,6363,6115,179,69,24,15,17,37,16,21,1875,413,27,18,49,11,37,23,18,22,22,23,19,11,70,8,44,1413,12,205,1665,6115
"TN141","Manouba",37389,27679,27334,227,118,28,6,187,218,19,51,11730,1884,17,34,199,9,325,32,15,130,14,18,17,31,129,7,263,8613,45,436,2877,27334
"TN51A","Mareth",26568,15852,15399,280,173,35,19,58,77,35,62,3397,702,24,37,156,23,123,29,34,54,54,27,26,21,141,12,48,9279,22,670,234,15399
"TN176","Mateur",18640,11708,11212,370,126,26,9,59,111,21,39,6190,1294,28,38,89,14,132,24,14,48,23,20,10,15,116,5,36,1894,24,317,616,11212
"TN518","Matmata",2262,1220,1160,36,24,5,3,3,5,2,7,189,75,0,5,9,4,4,7,5,5,2,4,7,5,12,5,4,725,2,49,17,1160
"TN618","Mdhila",8163,5198,5090,61,47,4,4,8,5,7,7,1035,234,4,5,106,40,19,9,9,6,11,8,3,2,12,1,4,2859,5,272,411,5090
"TN219","Mdjez Elbeb",16824,10697,10385,226,86,25,10,42,82,18,35,4609,1015,16,21,67,8,98,13,14,36,10,15,13,12,69,5,30,2973,21,250,878,10385
"TN521","Medenine Nord",20668,14155,13968,139,48,10,4,32,37,15,27,1317,478,12,14,103,6,100,11,26,38,64,15,12,7,51,5,25,10949,15,379,216,13968
"TN522","Medenine Sud",25333,17619,17382,163,74,19,13,46,53,19,37,1585,509,13,18,103,9,108,24,28,53,68,15,23,9,80,12,56,13904,17,348,213,17382
"TN139","Megrine",16663,12737,12538,115,84,9,9,101,142,6,18,6287,902,9,13,73,8,147,22,13,50,11,5,6,7,68,4,83,3049,18,194,1284,12538
"TN438","Meknassy",12647,7159,7004,110,45,9,7,24,12,15,73,1112,77,50,11,64,11,17,13,3,18,28,10,14,10,22,3,9,911,15,3730,736,7004
"TN339","Meloulech",8926,4680,4525,106,49,10,4,22,39,13,16,2267,220,19,16,53,10,53,13,8,19,8,8,11,3,53,3,14,1059,6,191,387,4525
"TN178","Menzel Bourguiba",28173,17855,17386,329,140,43,22,105,133,26,48,7621,1885,13,41,154,7,199,19,25,88,21,14,17,25,103,13,47,5020,36,509,1152,17386
"TN437","Menzel Bouzaine",12968,7266,7085,112,69,7,11,21,21,16,89,1156,36,27,9,145,4,22,14,7,9,22,10,9,9,45,4,16,640,14,3883,838,7084
"TN15C","Menzel Bouzelfa",19499,12924,12607,220,97,32,11,68,117,21,29,7810,791,17,36,96,15,139,21,13,57,12,24,15,30,127,2,60,1939,11,248,866,12607
"TN34B","Menzel Chaker",13021,7910,7697,171,42,20,10,23,58,24,57,2546,340,22,20,89,9,66,20,15,49,27,31,15,16,80,5,15,2502,22,1093,523,7697
"TN17C","Menzel Djmil",19537,13224,12941,222,61,45,12,97,103,9,31,5035,1261,10,24,105,12,169,17,11,30,18,14,9,12,126,7,46,4326,30,371,1011,12941
"TN516","Menzel El Habib",5630,3352,3270,59,23,11,3,6,11,7,14,539,74,5,5,40,8,22,7,9,3,9,2,3,2,19,3,4,2292,4,132,36,3270
"TN155","Menzel Temime",27489,17105,16681,267,157,39,18,103,105,27,44,8350,1425,30,41,158,18,199,47,20,84,24,22,11,36,178,11,44,3004,27,558,2058,16681
"TN617","Metlaoui",21120,12906,12768,89,49,20,5,23,22,7,22,2322,659,11,12,162,4,64,12,18,28,24,8,5,5,32,8,21,8004,12,714,544,12768
"TN43A","Mezzouna",11768,6769,6606,117,46,6,6,11,27,9,83,2313,152,27,6,53,10,35,8,5,12,22,10,13,3,38,3,10,941,12,2364,429,6606
"TN13A","Mohamedia",23540,15180,14836,221,123,31,21,57,107,32,33,4070,1780,21,20,129,16,141,28,35,71,29,30,23,37,76,6,148,6195,31,652,1017,14836
"TN328","Moknine",37790,23830,23494,219,117,31,12,141,1126,18,40,13964,663,12,117,176,23,322,40,17,85,26,23,20,22,179,15,55,3925,24,460,1974,23510
"TN321","Monastir",51022,37632,37278,223,131,29,8,244,1065,10,45,22864,793,16,96,191,17,296,47,30,115,19,19,24,31,175,9,191,7268,38,1146,2492,37278
"TN13C","Mornag",26111,17800,17357,294,149,45,16,72,158,30,39,6903,2249,38,51,145,18,212,34,29,84,25,32,28,24,137,21,111,5162,22,626,1046,17357
"TN144","Mornaguia",18043,12598,12251,244,103,29,18,44,98,26,33,4578,1235,22,38,99,16,136,25,16,54,13,24,13,14,107,17,60,4300,17,402,817,12251
"TN31E","Msaken",37030,26255,25907,242,106,42,11,153,1508,14,38,8414,269,15,66,156,8,301,32,38,72,29,28,15,11,158,7,50,12771,47,673,981,25907
"TN151","Nabeul",40233,30974,30556,262,156,42,24,196,326,16,68,18528,1693,28,77,171,24,398,85,15,118,29,26,19,37,163,10,99,5169,51,832,2312,30556
"TN624","Nafta",13513,7774,7622,79,73,16,5,36,11,11,11,1650,428,8,8,37,5,93,8,14,22,26,11,4,17,40,9,10,4643,11,168,320,7622
"TN419","Nasrallah",15115,8129,7760,267,102,23,13,19,54,40,75,1831,268,43,19,84,17,67,36,26,28,55,23,22,30,58,7,22,1980,18,1446,1456,7760
"TN233","Nebeur",11685,6132,5705,339,88,26,18,28,60,19,31,3229,322,19,41,62,17,89,27,23,26,17,24,25,20,99,13,16,730,18,256,450,5705
"TN214","Nefza",25222,13656,12608,755,293,60,29,45,99,36,64,6007,914,65,36,106,36,132,34,42,80,40,83,29,22,182,22,29,2630,43,469,1274,12608
"TN615","Om EL Araies",16798,9551,9420,82,49,5,8,19,23,8,31,2068,464,13,8,266,4,37,19,15,14,19,10,9,8,51,4,14,5091,10,522,680,9420
"TN143","Oued Elil",27905,19179,18710,360,109,42,11,72,144,21,36,6528,2181,20,41,140,12,200,28,23,92,20,26,15,19,124,14,121,6722,32,616,1410,18710
"TN228","Oued Mliz",7674,4174,3954,175,45,21,14,14,34,21,20,2106,271,16,18,49,15,51,12,6,26,10,13,8,10,57,6,13,624,10,171,338,3954
"TN333","Ouled Chamekh",8255,4369,4207,115,47,32,5,15,42,17,19,2026,87,17,11,39,10,78,12,16,14,19,12,8,3,60,8,17,983,6,300,351,4207
"TN43C","Ouled Haffouz",11533,6217,6055,135,27,7,5,10,17,10,91,1373,58,32,8,22,5,12,5,7,17,10,5,8,7,24,4,13,346,14,3741,204,6055
"TN138","Radès",27520,21110,20838,166,106,31,13,146,226,10,18,9018,1598,39,28,128,7,249,36,9,113,11,13,16,33,110,6,151,6164,34,393,2238,20838
"TN123","Raoued",38804,27717,27408,184,125,25,6,247,231,16,62,11519,1833,24,34,205,8,439,45,16,193,23,14,15,36,133,8,207,8523,29,685,2832,27408
"TN17E","Ras Djbel",26569,18617,18313,189,115,35,6,139,116,16,34,6981,2013,24,33,111,14,234,27,13,65,29,22,24,29,130,10,51,6410,33,377,1337,18313
"TN616","Redeyef",11828,7646,7522,71,53,12,6,30,11,6,12,722,420,10,7,99,4,35,12,8,17,12,6,13,3,26,2,9,4440,8,225,1367,7522
"TN537","Remeda",3496,1776,1723,35,18,3,2,5,3,7,5,251,96,9,2,23,2,4,3,3,7,7,9,3,3,11,6,2,1124,1,114,18,1723
"TN43B","Rgueb",29217,17211,16913,213,85,16,14,15,26,38,225,2210,96,92,19,86,8,54,14,16,26,48,27,21,16,34,10,22,2039,35,11111,595,16913
"TN323","Sahline",13697,9881,9696,147,38,13,5,61,689,10,19,4410,197,7,27,51,4,76,12,8,18,9,10,7,12,52,4,38,3148,11,413,385,9696
"TN344","Sakiet Eddair",49895,37713,37386,197,130,25,20,282,190,22,69,10329,791,29,39,232,10,357,39,21,1019,29,19,18,49,170,13,97,18522,37,1709,3249,37386
"TN343","Sakiet Ezzit",50137,39585,39267,216,102,26,6,278,184,22,61,11025,684,19,38,213,11,506,37,19,1227,35,14,29,36,218,9,89,19711,32,1338,3400,39267
"TN234","Sakiet Sidi Youssef",7646,4383,4118,176,89,10,7,11,23,13,14,2520,106,12,22,38,13,67,17,12,18,18,11,13,4,66,5,13,614,12,176,283,4118
"TN166","Saouef",6305,3434,3259,134,41,22,5,16,48,19,27,1486,245,12,6,38,5,47,12,11,9,13,10,8,10,59,8,11,689,17,306,120,3259
"TN32D","Sayada- Lamta- Bouhjar",13583,10032,9884,102,46,10,3,60,351,5,23,6435,158,12,45,57,5,82,17,9,27,6,7,4,5,64,5,34,1514,12,244,690,9884
"TN425","Sebeitla",28688,14480,13940,426,114,34,24,40,50,62,131,3901,579,68,28,81,23,74,39,40,42,53,64,36,23,107,10,1406,4052,32,2409,532,13940
"TN426","Sebiba",14656,7648,7393,193,62,33,9,10,26,40,28,1981,135,23,14,34,5,26,18,15,18,12,12,21,9,49,12,2726,1317,26,461,333,7393
"TN414","Sebikha",22314,11291,10902,292,97,42,14,22,90,64,111,4017,479,35,30,132,28,135,24,30,27,60,29,19,36,107,11,34,2524,35,2417,350,10902
"TN174","Sedjnene",15726,8428,7943,380,105,37,17,25,60,35,73,4242,501,146,23,57,23,83,27,32,56,31,28,26,20,122,13,22,1298,52,413,481,7943
"TN342","Sfax Ouest",55451,41626,41177,322,127,40,10,380,183,23,80,14507,882,22,40,222,27,430,37,18,845,29,19,26,42,221,14,106,16464,34,1992,4484,41177
"TN345","Sfax Sud",54169,41498,41087,290,121,28,13,238,224,22,75,11945,633,20,29,195,19,466,67,17,1213,46,24,25,66,233,19,66,20558,50,1577,3219,41087
"TN341","Sfax Ville",59754,45493,45098,258,137,28,5,429,253,15,59,18181,955,12,33,236,9,496,44,15,1161,21,18,19,35,206,16,133,16147,50,1367,5155,45098
"TN318","Sid Bou Ali",8897,5749,5645,72,32,16,4,22,368,9,12,3119,65,12,18,29,2,56,4,20,14,6,5,2,4,36,7,15,1188,8,155,449,5645
"TN612","Sidi Aich",4344,2486,2433,42,11,3,4,8,6,4,22,590,69,6,5,43,6,9,6,5,7,9,7,1,4,20,1,11,998,3,479,107,2433
"TN436","Sidi Ali Ben Aoun",10058,5496,5398,66,32,12,3,6,16,9,73,1156,50,31,2,26,6,17,6,5,6,16,9,4,4,13,1,8,516,18,3293,92,5398
"TN33A","Sidi Alouane",12737,6815,6581,149,85,26,4,32,105,14,27,3249,131,14,33,86,12,108,10,15,21,15,25,12,12,88,12,26,2040,12,252,200,6581
"TN432","Sidi Bouzid Est",17793,10225,9984,166,75,11,6,6,13,15,142,1323,79,47,12,24,3,35,7,16,17,25,13,22,10,22,3,15,458,23,7493,145,9984
"TN431","Sidi Bouzid Ouest",34554,21926,21604,215,107,18,9,48,38,25,189,4275,227,54,11,81,7,69,8,15,34,32,9,14,22,45,9,98,2540,41,12693,993,21604
"TN11H","Sidi El Bechir",15256,10602,10320,179,103,14,4,88,64,9,22,4187,1541,12,17,63,12,88,15,18,46,16,5,8,9,47,5,76,3102,16,151,685,10320
"TN31D","Sidi El Hèni",4831,2762,2670,53,39,15,6,9,92,3,12,1396,40,10,15,41,2,41,5,11,9,3,2,5,1,45,4,16,690,4,127,66,2670
"TN11E","Sidi Hassine",34731,20917,20373,349,195,36,18,88,126,71,46,6844,3094,25,38,122,20,160,41,38,93,33,34,21,31,101,8,159,6764,39,816,1507,20373
"TN529","Sidi Makhlouf",10952,6800,6635,121,44,9,9,12,32,12,23,1076,199,16,11,41,11,41,12,24,16,38,10,10,9,47,6,8,4706,11,192,54,6635
"TN125","Sidi Thabet",9401,6334,6174,97,63,14,4,26,39,10,12,2317,830,8,11,32,4,79,10,4,32,8,6,5,9,30,4,22,2120,8,203,327,6174
"TN11B","Sijoumi",7802,4788,4603,131,54,10,7,11,24,34,10,1559,613,8,5,24,3,35,6,9,13,7,5,5,25,28,5,31,1778,6,90,252,4603
"TN241","Siliana Nord",14850,9367,9101,198,68,19,13,12,39,11,24,3173,602,33,20,62,21,100,48,5,19,17,19,11,16,49,5,18,1210,16,208,3331,9101
"TN242","Siliana Sud",13195,7512,7258,189,65,19,9,15,38,17,22,2141,376,19,10,55,14,72,34,11,28,22,14,10,18,36,8,11,1400,6,226,2627,7258
"TN34E","Skhira",14821,9367,9136,172,59,12,7,16,37,12,39,2742,337,17,12,91,10,75,15,13,30,28,12,17,4,57,11,13,4384,13,809,323,9136
"TN15B","Sliman",23309,16110,15715,250,145,29,15,84,87,29,11,7350,1620,16,28,84,12,203,23,44,58,14,15,17,20,132,15,115,3622,21,346,1705,15715
"TN533","Smar",5039,2924,2843,56,25,9,4,7,21,6,13,372,77,3,4,11,6,21,6,15,7,19,7,7,7,16,3,6,2063,14,111,8,2843
"TN61B","Sned",15154,7768,7604,103,61,7,9,23,36,21,40,2218,246,24,10,282,11,58,20,14,18,23,13,11,9,68,7,18,2951,18,814,635,7604
"TN633","Souk El Ahed",16973,10884,10564,185,135,17,14,54,30,15,26,1684,254,27,12,77,7,70,12,13,16,49,27,16,9,64,11,22,7549,10,170,309,10564
"TN439","Souk Jdid",10705,5770,5581,133,56,12,2,14,9,9,124,826,22,50,8,14,3,20,4,4,12,20,8,19,7,10,5,5,266,18,3997,93,5581
"TN122","Soukra",48093,34142,33601,342,199,47,25,218,318,17,65,15749,2767,30,47,213,16,458,62,24,196,27,26,24,53,204,10,308,9031,46,747,2873,33601
"TN313","Sousse Jawhara",42185,31119,30767,216,136,26,5,231,1930,15,36,17571,387,13,74,181,12,221,32,27,110,15,8,10,34,112,9,170,6174,36,1031,2297,30767
"TN311","Sousse Medina",21540,15836,15661,118,57,18,6,85,701,2,18,9800,234,8,32,78,1,137,7,11,39,9,7,2,15,56,4,83,2961,20,316,1011,15661
"TN312","Sousse Riadh",29934,19864,19607,168,89,30,2,121,767,7,49,8642,510,11,47,158,8,150,13,37,70,13,4,11,32,62,10,154,5440,24,1667,1568,19607
"TN314","Sousse Sidi Abedelhamid",18643,11323,11039,209,75,29,9,47,364,15,39,4741,206,18,37,87,8,86,12,59,34,14,17,9,26,62,3,100,2775,9,1732,501,11039
"TN224","Tabarka",23594,12907,12312,456,139,94,44,88,102,50,59,5357,1248,45,44,139,29,169,31,31,69,52,35,32,32,173,15,51,2796,42,525,960,12312
"TN235","Tajerouine",12376,7408,7067,229,112,30,16,30,44,20,30,2992,413,18,21,68,17,87,19,11,40,20,22,19,18,82,7,31,1880,14,247,871,7067
"TN15A","Takelsa",11391,7519,7296,174,49,14,13,32,50,7,15,4040,391,20,32,63,14,69,17,10,24,15,28,17,14,98,2,30,1080,16,137,1048,7296
"TN623","Tameghza",3621,2159,2090,50,19,7,1,1,4,2,6,430,105,1,4,29,2,14,3,3,5,8,6,4,3,12,2,6,1289,2,94,47,2090
"TN531","Tataouine Nord",19497,11345,11143,146,56,20,16,21,41,21,29,969,399,13,19,72,9,67,11,29,44,36,10,20,15,57,12,22,8662,17,415,97,11143
"TN532","Tataouine Sud",15162,9225,9038,115,72,7,4,14,32,12,28,832,332,4,12,58,7,54,14,17,26,26,16,14,8,42,3,29,7170,16,190,71,9038
"TN32A","Teboulba",16867,11528,11350,122,56,10,6,59,470,8,28,6496,181,6,285,66,5,104,18,6,67,11,3,12,12,69,8,21,2784,19,319,277,11350
"TN147","Tebourba",19469,12629,12130,403,96,32,19,61,92,20,44,5159,1427,18,27,95,14,149,29,25,55,18,27,14,16,136,9,22,3548,27,292,755,12130
"TN215","Teboursouk",9350,5517,5199,215,103,18,3,24,30,12,13,2311,346,13,9,45,8,42,10,8,24,11,17,9,4,50,8,15,1288,9,158,714,5199
"TN217","Testour",14412,9258,8863,214,181,46,10,43,66,16,18,4544,696,24,23,57,5,101,21,14,29,10,24,10,11,96,11,15,1738,17,233,985,8863
"TN429","Thalla",14737,8101,7685,329,87,21,17,30,28,20,47,2395,414,131,17,107,7,47,14,18,24,14,28,22,7,63,14,428,2439,14,502,817,7685
"TN216","Tibar",4791,2767,2610,128,29,8,5,7,21,9,6,1462,205,5,12,19,4,44,4,6,15,6,3,6,6,23,7,8,499,9,56,155,2610
"TN346","Tina",22669,15243,15013,164,66,11,4,90,69,23,63,4618,440,13,12,91,7,104,14,13,163,37,13,18,17,53,11,79,5248,17,2503,1282,15013
"TN179","Tinja",9436,6322,6166,108,48,26,2,48,51,11,14,2900,708,12,14,50,9,78,8,6,35,8,11,2,6,47,6,14,1568,12,155,365,6166
"TN621","Tozeur",25467,15538,15265,158,115,42,10,62,51,18,25,4283,1046,24,21,93,15,304,17,16,37,27,16,18,48,52,10,62,8131,17,373,447,15265
"TN17A","Utique",6788,4175,4043,106,26,15,3,13,30,13,10,1815,369,6,6,44,4,50,3,6,24,10,7,3,11,48,3,13,1172,4,179,182,4043
"TN322","Werdanine",9473,5789,5664,73,52,13,8,37,324,3,8,3284,124,4,20,39,3,90,5,3,33,5,2,3,9,38,3,14,1314,5,157,116,5664
"TN161","Zaghouan",18811,12719,12441,150,128,44,18,67,113,44,31,6035,1122,18,30,102,14,131,30,18,56,18,16,16,20,142,15,54,2743,20,479,1045,12441
"TN31G","Zaouia Ksiba Thrayet",13528,8738,8566,101,71,17,6,42,322,12,31,4387,126,11,30,43,8,68,10,12,35,18,4,3,30,50,3,75,2062,15,736,410,8566
"TN324","Zarmdine",11706,6539,6438,68,33,16,7,26,224,6,10,3692,92,4,25,66,7,69,10,5,16,4,14,3,3,51,2,14,1694,8,182,188,6438
"TN525","Zarzis",32794,20098,19744,260,94,39,22,112,68,28,64,4894,789,16,27,208,24,168,23,36,85,52,19,18,71,200,25,44,11148,32,509,1023,19744
"TN172","Zarzouna",13967,9234,9017,125,92,33,8,73,54,10,19,3529,410,11,15,85,6,86,15,6,21,12,5,6,8,70,2,57,3586,9,288,593,9017
